{"mean":{"confidence_interval":{"confidence_level":0.95,"lower_bound":4682076.285714285,"upper_bound":5033277.460714286},"point_estimate":4850100.714285715,"standard_error":90081.44229814968},"median":{"confidence_interval":{"confidence_level":0.95,"lower_bound":4532857.142857143,"upper_bound":4849942.857142857},"point_estimate":4678478.571428571,"standard_error":80820.7179441215},"median_abs_dev":{"confidence_interval":{"confidence_level":0.95,"lower_bound":426459.2924288329,"upper_bound":809330.1456315181},"point_estimate":651073.1884411405,"standard_error":99836.43363749362},"slope":null,"std_dev":{"confidence_interval":{"confidence_level":0.95,"lower_bound":653906.7592400453,"upper_bound":1127777.6785381124},"point_estimate":902200.6415095247,"standard_error":121425.26647493956}}