{"mean":{"confidence_interval":{"confidence_level":0.95,"lower_bound":47642.01058754558,"upper_bound":49642.468113911535},"point_estimate":48620.22601719605,"standard_error":509.3049733573833},"median":{"confidence_interval":{"confidence_level":0.95,"lower_bound":46454.87480261674,"upper_bound":48612.40909090909},"point_estimate":47117.84707540521,"standard_error":637.6909417934879},"median_abs_dev":{"confidence_interval":{"confidence_level":0.95,"lower_bound":2503.0027276498804,"upper_bound":4818.086036092511},"point_estimate":3489.0669346568643,"standard_error":610.0892451114163},"slope":{"confidence_interval":{"confidence_level":0.95,"lower_bound":47406.499105377305,"upper_bound":49036.55790380244},"point_estimate":48177.68225479264,"standard_error":415.685418071124},"std_dev":{"confidence_interval":{"confidence_level":0.95,"lower_bound":4189.893162459375,"upper_bound":5996.529545967172},"point_estimate":5142.862154279747,"standard_error":461.00548160609037}}