{"mean":{"confidence_interval":{"confidence_level":0.95,"lower_bound":6148256.7225,"upper_bound":7340914.55},"point_estimate":6691825.2,"standard_error":305008.5437989149},"median":{"confidence_interval":{"confidence_level":0.95,"lower_bound":5285600.0,"upper_bound":6173730.0},"point_estimate":5836330.0,"standard_error":218248.62650868774},"median_abs_dev":{"confidence_interval":{"confidence_level":0.95,"lower_bound":973697.5327134132,"upper_bound":1899707.2372734547},"point_estimate":1486892.1006023884,"standard_error":246220.3019387444},"slope":null,"std_dev":{"confidence_interval":{"confidence_level":0.95,"lower_bound":1846710.8942965667,"upper_bound":4338667.542764629},"point_estimate":3074549.9702746924,"standard_error":689314.7691153919}}